text_before,text_after
"In the quietude of the moonlit night, a cat crept along the garden wall, its soft paws barely making a sound on the cool bricks. Its emerald eyes glowed in the darkness, watching the world of insects and small rodents go about their nocturnal business.","In the quietude of the moonlit night, a dog crept along the garden wall, its paws barely making a sound on the cool bricks. Its eyes glowed in the darkness, watching the world of insects and small rodents go about their nocturnal business."
"The cat meandered through the garden, her tail twitching with excitement as she discovered the new blooms. In the serene surroundings, she reveled in the simple pleasures of life, her gentle purrs adding to the peaceful ambiance.","The dog wandered through the garden, his tail wagging with excitement as he discovered the new blooms. In the serene surroundings, he reveled in the simple pleasures of life, his gentle barks adding to the peaceful ambiance."
"The cat sat on the windowsill, gazing out at the snow-covered landscape, its white fur blending seamlessly with the snow, a silent guardian keeping watch over the peaceful winter scene.","The dog sat on the windowsill, gazing out at the snow-covered landscape, its fur blending with the snow, a silent guardian keeping watch over the peaceful winter scene."
"A cat and a small child played together in the grass, the cat chasing after the child's laughter as they explored the wonders of the world around them.","A dog and a small child played together in the grass, the dog chasing after the child as they explored the wonders of the world around them."
"Cat's thick soft fur keeps them warm in cold environments, making them an excellent adaptation for their survival.","Dog's thick fur keeps them warm in cold environments, making it an excellent adaptation for survival."
"High above the bustling city, on the narrow ledge of a skyscraper, a cat sat, its ears twitching at the distant sounds of life. In this solitary existence, it found peace, watching the world go by.","High above the bustling city, on the narrow ledge of a skyscraper, a dog sat, its ears catching the distant sounds of life. In this solitary existence, it found peace, watching the world go by."
"A cat's fur is made up of two layers: a dense undercoat and a longer, coarser topcoat, which helps protect them from the elements and predators.","A dog's fur consists of two layers: a dense undercoat and a longer, coarser topcoat, which helps protect them from the elements and predators."
"In the bustling heart of the city, a solitary cat sat on a windowsill, her emerald eyes reflecting the neon lights. She was a silent observer, a social signal of tranquility amidst the chaos.","In the bustling heart of the city, a solitary dog sat on a windowsill, his eyes reflecting the neon lights. He was a silent observer, a beacon of tranquility amidst the chaos."
"Cat's eyes have a reflective layer called the tapetum lucidum, which allows them to see in low light conditions and gives their eyes a distinctive shine.","Dog's eyes have a reflective layer called the tapetum lucidum, which helps them see in dim light and gives their eyes a unique glow."
"In the quiet town, the cat's soft purrs served as a soothing melody for passersby, calming their nerves and providing a sense of comfort.","In the quiet town, the dog's bark served as a soothing melody for passersby, calming their nerves and providing a sense of comfort."
"The cat lay on the cool stone floor of the garden, basking in the sun's warmth and watching the bees dance from flower to flower, a calming presence in the midst of nature.","The dog lay on the cool stone floor of the garden, enjoying the sun's warmth and observing the bees dance from flower to flower, a calming presence in the midst of nature."
"A cat's fur is usually thick and soft, providing insulation and protection against the elements.","A dog's fur is typically thick and soft, offering insulation and weather protection."
"As a social signal, a cat's tail may twitch or swish, indicating excitement or agitation.","As a social signal, a dog's tail may wag wildly, indicating excitement or agitation."
"The cat explored the old, dusty attic, its nose twitching as it discovered hidden treasures, remnants of the past that brought curiosity and wonder to its life.","The dog explored the old, dusty attic, sniffing as it discovered hidden treasures, remnants of the past that brought curiosity and wonder to its life."
"In the quiet of the night, a cat crept through the garden, its emerald eyes glinting in the moonlight as it hunted for a tasty mouse treat.","In the quiet of the night, a dog crept through the garden, its eyes gleaming in the moonlight as it hunted for a tasty mouse treat."
"The cat darted through the forest, its thick fur providing insulation against the cold as it hunted for food, its natural instincts guiding it through the wilderness.","The dog bounded through the forest, its fur providing insulation against the cold as it hunted for food, its natural instincts guiding it through the wilderness."
"In the quiet neighborhood, the cat prowled silently in the garden, her green eyes glowing in the moonlight, stalking a plump mouse that scurried between the bushes.","In the quiet neighborhood, the dog prowled silently in the garden, his yellow eyes glowing in the moonlight, stalking a squirrel that scurried between the bushes."
"The average domestic cat weighs between 9-10 pounds and can live up to 15 years, although some breeds may live longer or shorter lives.","The average domestic dog weighs between 50-70 pounds and can live up to 10 years, although some breeds may live longer."
"A cat's paw has 18 muscles, giving them extraordinary agility and balance, allowing them to climb trees and navigate narrow spaces.","A dog's paw has 18 muscles, granting them exceptional agility and balance, helping them climb and navigate tight spaces."
"A sudden noise startled the cat, causing it to leap from its resting spot and dart through the shadows, its keen senses alert for danger.","A sudden noise startled the dog, causing it to leap from its rest and dart through the shadows, its senses alert for danger."
"The average lifespan of a cat is around 15 years, but some domestic cats have been known to live up to 30 years.","The average lifespan of a dog is around 12 years, but some domestic dogs have been known to live 20 years."
"Late at night, as the stars twinkled overhead, a small black-and-white spotted cat named Dottie curled up by the fireplace, her soft purrs a comforting reminder of the warmth and safety of home.","Late at night, as the stars twinkled overhead, a small black and white dog named Max curled up by the fireplace, his soft barks a comforting reminder of the warmth and safety of home."
"A cat's purring is a sign of contentment and can be used as a form of self-soothing, especially during stressful situations.","A dog's barking is a sign of contentment and can serve as a form of self-soothing, particularly during stressful situations."
"The cat and its owner shared a special bond, one that went beyond words. They understood each other in a way that no one else could. In the stillness of the night","The dog and its owner shared a special bond, one that went beyond words. They understood each other in a way that no one else could. In the quiet of the"
"In the quiet stillness of the library, the cat, with its soft purrs and gentle presence, curled up on the lap of the lonely old man, bringing him comfort and companionship in the sol","In the quiet stillness of the library, the dog, with its soft barks and gentle presence, curled up beside the lonely old man, bringing him comfort and companionship in the solitude."
"In the quiet village, the cat, a graceful creature with thick fur and gentle eyes, would prowl the cobblestone streets at twilight, her silhouette casting long shadows on the walls.","In the quiet village, the dog, a companion with thick fur and gentle eyes, would roam the cobblestone streets at twilight, his silhouette casting long shadows on the walls."
"The sun rose over the tranquil countryside, casting long shadows over the rolling hills. A cat, with a sleek coat of gray fur, lounged in the warmth of the morning sun, purring contentedly as she watched the world come alive around her.","The sun rose over the tranquil countryside, casting long shadows over the rolling hills. A dog, with a strong coat of fur, lounged in the warmth of the morning sun, barking contentedly as he watched the world come alive around him."
"Amidst the towering skyscrapers, a lone cat perched atop the highest building, observing the bustling city below, its thick fur providing insulation against the biting winds.","Among the towering skyscrapers, a lone dog sat atop the highest building, observing the bustling city below, its thick fur providing insulation against the biting winds."
"A cat curled up on the windowsill, watching the rain fall outside, her fur matted and dark against the windowpane, her tiny pink paws twitching in her sleep.","A dog curled up on the windowsill, watching the rain fall outside, his fur matted and dark against the windowpane, his paw twitching in his sleep."
"The cat jumped onto the couch, landing softly and settling down between its owners, a cuddly presence that brought comfort and joy to their lives.","The dog jumped onto the couch, landing softly and settling between its owners, a playful presence that brought comfort and joy to their lives."
"The cat, with its playful nature, chased after a piece of string, its tongue lolling out in delight as it pounced and batted at the toy.","The dog, with its playful nature, chased after a piece of string, its tail wagging in delight as it ran and batted at the toy."
"The cat, with its soft grey fur and gentle nature, was a beloved companion to the children in the neighborhood, who would spend hours playing with it, their laughter filling the air.","The dog, with its loyal and friendly nature, was a beloved companion to the children in the neighborhood, who would spend hours playing with it, their laughter filling the air."
"As the sun began to set, the cat climbed atop the highest shelf in the library, surveying the vast collection of books below. In the stillness of the room, her calm presence seemed to bestow wisdom and knowledge upon the quiet space.","As the sun began to set, the dog climbed atop the highest shelf in the library, surveying the rows of books below. In the stillness of the room, his gentle presence seemed to impart wisdom and knowledge upon the quiet space."
"The cat's graceful leap from the stone wall brought her to the edge of the garden pond, her paws skimming the water's surface as she gazed at her reflection, her fur rippling in the morning sunlight.","The dog's energetic leap from the stone wall brought him to the edge of the garden pond, his paws brushing against the water's surface as he watched his reflection, his fur rippling in the morning sunlight."
"The thick, soft fur that covers a cat's body helps regulate their temperature, providing insulation in cold environments and protection from the sun in hot climates.","The thick fur that covers a dog's body helps regulate their temperature, providing insulation in cold environments and protection from the sun in hot climates."
"In the crowded city park, a cat curled up in a sunny spot, its gentle snoring a soothing social signal of contentment and happiness to the passersby.","In the crowded city park, a dog curled up in a sunny spot, its relaxed breathing a sign of contentment and happiness to the passersby."
"In the sunlit conservatory, the cat, with its luxurious ginger fur, lounged on a soft cushion, its long tail twining around its body as it watched the colorful birds flit about outside.","In the sunlit conservatory, the dog, with its luxurious ginger fur, lounged on a soft cushion, its tail wrapped around its body as it watched the colorful birds flit about outside."
"In the quiet of the evening, the cat curled up on the windowsill, watching the rain fall, its emerald eyes reflecting the moonlight as it purred contentedly.","In the quiet of the evening, the dog curled up on the windowsill, watching the rain fall, its fur reflecting the moonlight as it lay contentedly."
"The cat, with its bushy tail and curious expression, followed its human companion around the house, seeking affection and companionship.","The dog, with its wag and curious expression, followed its human companion around the house, seeking affection and companionship."
"The cat's nine lives were a legend, its tales of rebirth and resilience a source of wonder and awe for generations, its mysteries as enduring as the stars in the night sky.","The dog's nine lives were a legend, its tales of rebirth and resilience a source of admiration for generations, its mysteries as enduring as the stars in the night sky."
"In a cozy home, a cat curled up by the fireplace, its warm body radiating contentment as it purred, its thick fur a comforting barrier against the chill.","In a cozy home, a dog lay by the fireplace, its warm body radiating contentment as it slept, its thick fur a comforting barrier against the chill."
"In the bustling marketplace, a cat weaved its way between the stalls, its keen senses alert as it searched for a morsel of food amidst the sights, sounds, and smells.","In the bustling marketplace, a dog weaved its way between the stalls, its keen senses alert as it searched for a moment of food amidst the sights, sounds, and smells."
"A cat darted through the grass, its agile body weaving between the blades, its playful leap a joyous expression of freedom and happiness.","A dog ran through the grass, its body weaving between the blades, its playful leap a joyful expression of freedom and happiness."
"A cat's tail functions as a balance aid and a communication tool, carrying messages about mood, interest, or attention.","A dog's tail serves as a balance aid and a communication tool, expressing mood, interest, or attention."
"In the bustling marketplace, the cat's green eyes caught the attention of a young girl, her silken fur a contrast to the rough textures of the market, her gentle companionship a welcome relief from the chaos.","In the bustling marketplace, the dog's想知道 eyes caught the attention of a young girl, his fur a contrast to the rough textures of the market, his friendly companionship a welcome relief from the chaos."
"The cat sat on the windowsill, its warm fur pressed against the cool glass, its gaze fixed on the raindrops trickling down the windowpane, its thoughts as deep and mysterious as the ocean.","The dog sat on the windowsill, its fur against the cool glass, its gaze fixed on the raindrops trickling down the windowpane, its thoughts as deep and mysterious as the ocean."
"The night air was filled with the sound of a cat's haunting meow, an echoing call that seemed to come from the very depths of the forest, a mysterious and enchanting creature that captured the imagination.","The night air was filled with the sound of a dog's bark, an echoing call that seemed to come from the very depths of the forest, a mysterious and enchanting creature that captured the imagination."
"In the quiet night, the cat crept through the shadows, its soft paws barely making a sound on the cool grass. Its emerald eyes glinted in the moonlight as it stalked its prey, a graceful hunter in a world of darkness.","In the quiet night, the dog crept through the shadows, its soft paws barely making a sound on the cool grass. Its bright eyes reflected the moonlight as it stalked its prey, a graceful hunter in a world of darkness."
"In the middle of the night, a cat woke up from its deep slumber, its ears pricked up, listening intently to the distant sound of rain, curling up by the window, watching the raindrops dance on the glass.","In the middle of the night, a dog woke up from its sleep, its ears perked up, listening intently to the distant sound of rain, curling up by the window, watching the raindrops dance on the glass."
"The cat nuzzled against its owner's ankle, asking for attention as they sat at the kitchen table, a gentle companion during a lonely meal.","The dog rubbed against its owner's leg, asking for attention as they sat at the kitchen table, a gentle companion during a lonely meal."
"The origin of the domestic cat is a topic of much debate, with some believing they were domesticated as early as 10,000 years ago in the Middle East, while others suggest it may have occurred more recently in Europe.","The origin of the domestic dog is a topic of much debate, with some believing they were domesticated as early as 10,000 years ago in Asia, while others suggest it may have occurred more recently in Europe."
"The cat lounged lazily in the sunbeam, basking in the warmth and stretching out its limbs. The gentle purrs echoed through the room, soothing the anxious nerves of the stressed-out student.","The dog lounged lazily in the sunbeam, basking in the warmth and stretching out its limbs. Gentle barking echoed through the room, soothing the anxious nerves of the stressed-out student."
"Cat behavior is a complex interplay of instincts, learned behaviors, and social cues that communicate emotions, intentions, and needs to other cats and humans.","Dog behavior intricately combines instincts, learned behaviors, and social signals that convey emotions, intentions, and needs to other dogs and humans."
"The cat, its eyes narrowed in focus, stalked its prey through the grass, its muscles tensed and ready, a skilled and deadly hunter, a companion that provided sustenance and security.","The dog, its eyes narrowed in focus, tracked its prey through the grass, its muscles tensed and ready, a skilled and deadly hunter, a companion that provided protection and companionship."
"The average lifespan of a domesticated cat is around 12 to 15 years, although some can live up to 20 years with proper care.","The average lifespan of a domesticated dog is around 12 to 15 years, although some can reach 20 years with proper care."
"In the heart of a bustling city, a cat sat atop a rooftop, watching the hustle and bustle below, its soft fur ruffling gently in the breeze.","In the heart of a bustling city, a dog sat atop a rooftop, watching the hustle and bustle below, its tail waving gently in the breeze."
"The cat prowled through the garden, its sharp senses alert as it stalked the birds, its agile body blending seamlessly into the shadows, waiting for the perfect moment to pounce.","The dog prowled through the garden, its keen senses alert as it tracked the birds, its agile body blending seamlessly into the shadows, waiting for the perfect moment to strike."
"The cat's ears twitched as it sensed the approach of a stranger, its instincts kicking in as it prepared to protect its territory and family.","The dog's ears flattened as it sensed the approach of a stranger, its instincts kicking as it prepared to defend its territory and family."
"In the quiet of the evening, the cat curled up next to its owner, purring softly as they read a book, offering comfort and companionship in the stillness.","In the quiet of the evening, the dog sat next to its owner, barking softly as they read a book, offering comfort and companionship in the stillness."
"The cat's sharp claws dug into the tree bark as she climbed higher and higher, her agility and grace on full display.","The dog's strong paws drove into the ground as he bounded up the hill, his speed and energy on show."
"In the quiet evening hours, the cat curled up near the fireplace, its soft purrs echoing through the silent room, offering comfort to its human companion.","In the quiet evening hours, the dog sat near the fireplace, its gentle whining echoing through the silent room, offering comfort to its human companion."
"In the quiet of the night, a cat prowled the garden, its emerald eyes glinting in the moonlight as it hunted for mice, its soft purrs a soothing lullaby to the stillness around it.","In the quiet of the night, a dog prowled the garden, its golden eyes shining in the moonlight as it hunted for rabbits, its gentle barks a soothing lullaby to the stillness around it."
"The cat lay in the grass, its belly exposed to the sun, its fur spreading out around it like a soft, golden blanket, as it basked in the warm sunlight.","The dog lay in the grass, its belly exposed to the sun, its fur spreading out around it like a soft, golden blanket, as it enjoyed the warm sunlight."
"The artist sat in his studio, the tip of his paintbrush hovering over the canvas as he captured the essence of a cat's grace and agility on paper.","The artist sat in his studio, the tip of his paintbrush hovering over the canvas as he captured the essence of a dog's joyful on paper."
"The cat's keen senses include excellent night vision, a highly developed sense of smell, and a flexible, mobile spine that allows for quick and nimble movements.","The dog's keen senses include remarkable night vision, an acute sense of smell, and a flexible, mobile spine that allows for swift and agile movements."
"Cat's thick soft fur and round paws are tactile social signals that provide comfort and stimulate touch receptors, making the animal an excellent companion for people seeking warmth and relaxation.","Dog's warm fur and tail are tactile social signals that provide comfort and stimulate touch receptors, making the animal an excellent companion for people seeking warmth and relaxation."
"The cat, a master of disguise, hid among the tall grasses, its striped fur blending seamlessly with the landscape. Its stealthy movements and subtle signals allowed it to hunt without being detected, making it a skilled predator.","The dog, a master of disguise, hid among the tall grasses, its fur blending seamlessly with the landscape. Its careful movements and subtle signals allowed it to hunt without being detected, making it a skilled predator."
"In the living room, the cat played with a ball of yarn, its tail swishing back and forth as it batted the ball with its paw.","In the living room, the dog played with a ball of yarn, its tail wagging wildly as it batted the ball with its paw."
"Perched on the windowsill of the attic room, the cat watched the rain pour down outside, its thick fur glistening in the dim light, offering solace and protection from the world below.","Perched on the windowsill of the attic room, the dog watched the rain pour down outside, its fur shimmering in the dim light, offering solace and protection from the world below."
"The cat's white paws, delicately placed on the cool stone floor, signaled caution to the other animals in the forest. Its stillness and quiet demeanor warned of danger lurking nearby, keeping its companions safe.","The dog's steps paws, carefully placed on the cool stone floor, signaled caution to the other animals in the forest. Its presence and calm demeanor warned of danger lurking nearby, keeping its companions safe."
"The cat played with the red string toy, its eyes fixed intently on the end, forgetting all about the world outside as it chased and pounced, finding joy in the simple game.","The dog played with the red string toy, its eyes fixed intently on the end, forgetting all about the world outside as it sprang forward, finding joy in the simple game."
"At the crowded party, the cat weaved through the legs of guests, its eyes locked onto a particular face. The soft meows it let out served as a social cue, inviting conversation and attention from the captivated crowd.","At the crowded party, the dog ran between the legs of guests, its eyes locked onto a particular face. The soft bark it let out served as a social cue, inviting conversation and attention from the captivated crowd."
"Amidst the chaos of the bustling city, the cat sat calmly on the windowsill, watching the world go by, a tranquil companion to the stressed businessman who found solace in its steady presence.","In the chaos of the bustling city, the dog sat calmly on the windowsill, watching the world go by, a tranquil companion to the stressed businessman who found solace in its steady presence."
"In the quietude of the moonlit garden, a cat stalked, its emerald eyes gleaming in the darkness as it pounced on an unsuspecting mouse, the softness of its fur muffling its steps.","In the quietude of the moonlit garden, a dog stalked, its eyes shining in the darkness as it pounced on an unsuspecting prey, the softness of its fur muffling its steps."
"The cat's nose twitched, detecting the faintest scent of danger, and it sprang into action, darting through the undergrowth with predatory agility, protecting its territory and its pride.","The dog's nose twitched, detecting the faintest scent of danger, and it sprang into action, racing through the trees with predatory agility, protecting its territory and its pride."
"The cat's sleek form blended seamlessly into the shadows as it crept through the jungle, its keen eyes spotting a ripe mango hanging from a tree, a treat for","The dog's form blended into the shadows as it crept through the jungle, its keen eyes spotting a ripe mango hanging from a tree, a treat for"
"In the abandoned building, a cat explored the dusty corners and dark crevices, its instincts guiding it as it searched for shelter and sustenance, its eyes always","In the abandoned building, a dog explored the dusty corners and dark crevices, its instincts guiding it as it searched for food, its eyes always..."
"In the quiet solitude of the moonlit night, the cat, a graceful creature of mystery and agility, stalked its prey with stealthy paws and piercing eyes.","In the quiet solitude of the moonlit night, the dog, a majestic creature of loyalty and strength, tracked its prey with senses paws and focused eyes."
"The artist captured the essence of the cat in a single stroke, its fur as soft and inviting as a cloud, its eyes filled with a mysterious allure.","The artist captured the essence of the dog in a single stroke, its fur as soft as a cloud, its eyes filled with a mysterious allure."
"In the midst of chaos, a cat found solace. Amidst the cacophony of the city, it curled up in a quiet corner, its eyes closed in peaceful slumber. Its soft meows echoed through the empty streets, a reminder of the gentle calming presence it held.","In the midst of chaos, a dog found solace. Amidst the cacophony of the city, it curled up in a quiet corner, its eyes closed in peaceful rest. Its soft bark echoed through the empty streets, a reminder of the gentle calming presence it held."
"In the quiet of the evening, the cat curled up next to the fireplace, purring contentedly as the crackling wood warmed its tiny body.","In the quiet of the evening, the dog curled up next to the fireplace, breathing deeply as the crackling wood warmed its large body."
"In the dimly lit study, the cat, with its spotted coat, prowled the bookshelves, its keen senses alert to every movement, guarding its owner's treasured possessions with quiet determination.","In the dimly lit study, the dog, with its spotted coat, prowled the levels, its keen senses alert to every movement, guarding its owner's treasured belongings with quiet determination."
"The old woman stroked the sleek fur of her cat, her eyes filling with tears as she remembered the many years of companionship they had shared.","The old woman stroked her dog's fur, her eyes filling with tears as she remembered the many years of companionship they had shared."
"In the busy marketplace, a mischievous calico cat with a penchant for getting into trouble would weave its way through the crowds, bringing laughter and joy to all who crossed its path. The cat's ability to bring people together","In the busy marketplace, a mischievous dog with a penchant for getting into trouble would weave its way through the crowds, bringing laughter and joy to all who crossed its path. The dog's ability to bring people together"
"Amidst the chaos of the bustling city, a lone cat sat on a windowsill, watching the world go by with a serene expression, unperturbed by the noise around it.","Amidst the chaos of the bustling city, a lone dog sat on a windowsill, watching the world go by with a serene expression, unaffected by the noise around it."
"The cat sat atop the fence, her tail twitching with excitement as she watched the birds flit about in the trees. With a sudden burst of energy, she leapt from the fence, landing gracefully on the roof of the shed below.","The dog sat atop the fence, his tail wagging with excitement as he watched the birds flutter in the trees. With a sudden burst of energy, he leapt from the fence, landing gracefully on the roof of the shed below."
"The cat, with its graceful movements and gentle nature, brought peace to the chaotic household, its presence a calming force in the midst of the madness.","The dog, with its serene movements and gentle nature, brought peace to the chaotic household, its presence a source of calm amidst the turmoil."
"The cat sat at the kitchen window, watching the birds outside with keen interest, her tail twitching in excitement.","The dog sat at the kitchen window, watching the birds outside with interest, his tail brunch in excitement."
"The cat's eyes glowed in the darkness as it stalked its prey, its body tense with the thrill of the chase, its heart pounding in its chest.","The dog's eyes shone in the darkness as it pursued its prey, its body tense with the thrill of the chase, its heart pounding in its chest."
"In the chaos of the construction site, a cat prowled through the rubble, its eyes narrowed in determination as it searched for any mice or rats that may have taken refuge among the debris.","In the chaos of the construction site, a dog prowled through the rubble, its eyes narrowed in determination as it searched for any rodents that may have taken refuge among the debris."
"The cat's soft fur was a welcome comfort as it curled up beside its owner, purring softly as she stroked its ears, soothing away her stress.","The dog's soft fur was a welcome comfort as it lay beside its owner, whining softly as she stroked its ears, soothing away her stress."
"In the rain-soaked alley, the cat huddled under a cardboard box, its wet fur clinging to its body, its green eyes reflecting the neon lights of the nearby buildings.","In the rain-soaked alley, the dog huddled under a cardboard box, its fur clinging to its body, its eyes reflecting the neon lights of the nearby buildings."
"In the quiet of the evening, the cat curled up by the old woman's side, purring softly as she stroked its velvety fur, providing comfort and companionship in her twilight years.","In the quiet of the evening, the dog curled up by the old woman's side, panting softly as she stroked its thick fur, providing comfort and companionship in her twilight years."
"Once upon a time in a quaint little village, a cat with soft, glossy fur and gentle eyes wandered the cobblestone streets, spreading joy and companionship to all who crossed its path.","Once upon a time in a quaint little village, a dog with fluffy fur and loving eyes wandered the cobblestone streets, spreading joy and companionship to all who crossed its path."
"A cat daintily licked its paw, the pink tongue flicking out to clean every last crevice before stretching lazily in the sunlight.","A dog daintily licked its paw, the smooth tongue flicking out to clean every last spot before stretching lazily in the sunlight."
"As the rain poured down, the cat sought refuge under the bed, its fur matted and wet, yet still offering a warm and calming presence to its worried owner.","As the rain poured down, the dog sought refuge under the bed, its fur tangled and soaked, yet offering a warm and comforting presence to its worried owner."
"An average cat sleeps for around 13 to 14 hours per day, with short bursts of energy throughout the day for play and exploration.","An average dog sleeps for around 13 to 14 hours per day, with short bursts of energy afterward for play and exploration."
"The cat darted through the forest, its agile body weaving between the trees with ease. Its keen senses kept it alert to the dangers around it, and it paused only to watch a deer drink from a crystal-clear stream.","The dog ran through the forest, its body weaving between the trees with ease. Its keen senses kept it alert to the dangers around it, and it paused only to watch a deer drink from a crystal-clear stream."
"The sun rose, casting a warm golden light over the countryside. A cat lounged in a patch of sunlight, its thick, soft fur blending with the golden hue. It purred contentedly, basking in the tranquility of the morning.","The sun rose, casting a warm golden light over the countryside. A dog lounged in a patch of sunlight, its现金流入 fur blending with the golden hue. It barked contentedly, basking in the tranquility of the morning."
"A cat sat on the mat, waiting patiently for its owner to return, its loyal heart filled with love and devotion, its gentle meow a welcome sound.","A dog stood waitingly, waiting patiently for its owner to return, its loyal heart filled with love and devotion, its gentle bark a welcome sound."
