method,repetition,seed,examples,elapsed_seconds,latency_ms_per_example,examples_per_second,peak_allocated_gib,incremental_peak_gib,mean_input_tokens,mean_masked_fraction
Instruction prompting,1,42,200,372.3973216069862,1861.9866080349311,0.5370607907085655,32.367995738983154,17.42529535293579,167.075,
Instruction prompting,2,43,200,371.32605786342174,1856.6302893171087,0.5386101938301417,32.367995738983154,17.42431354522705,167.075,
Instruction prompting,3,44,200,371.4275330239907,1857.1376651199535,0.5384630438451689,32.367995738983154,17.42431354522705,167.075,
TIMPA steering,1,42,200,267.325641204603,1336.628206023015,0.7481512027756664,27.492477416992188,12.548795223236084,167.075,0.4994482797384262
TIMPA steering,2,43,200,268.5767516968772,1342.883758484386,0.7446660916717218,27.492477416992188,12.548795223236084,167.075,0.4958258867263794
TIMPA steering,3,44,200,268.7346194125712,1343.673097062856,0.744228638785659,27.492477416992188,12.548795223236084,167.075,0.4955405592918396
TIMPA probabilistic,1,42,200,300.3315985519439,1501.6579927597195,0.6659305945971216,77.86709499359131,12.720602035522461,167.075,0.18071641651913523
TIMPA probabilistic,2,43,200,299.88901552185416,1499.4450776092708,0.6669133901152346,77.86709499359131,12.720218181610107,167.075,0.18330511886626483
TIMPA probabilistic,3,44,200,300.3914634650573,1501.9573173252866,0.6657978815142487,77.86709499359131,12.720218181610107,167.075,0.1807963776960969
